epoch,batch_loss,running_loss
1,0.11800000000000001,221.25900000000001
2,0.064,120.62
